{"cameraMode":{"drawMode":0,"name":"Shaded","section":"Shading Mode"},"sceneLighting":true,"audioPlay":false,"sceneViewState":{"showFog":true,"showMaterialUpdate":false,"showSkybox":true,"showFlares":true,"showImageEffects":true,"showParticleSystems":true,"showVisualEffectGraphs":true,"m_FxEnabled":true},"in2DMode":false,"pivot":{"x":1.8976203203201295,"y":0.699986457824707,"z":-3.310304641723633},"rotation":{"x":0.0013072662986814976,"y":0.9954159259796143,"z":-0.013747281394898892,"w":0.09465008974075318},"size":7.441389560699463,"orthographic":false}